recipe_id,vegetarian,onion,egg,chicken,asian,italian,fastfood
1,0,1,0,1,0,1,1
2,1,1,1,0,1,0,0
3,1,1,1,0,1,1,1
4,1,1,1,1,1,1,0
5,0,1,1,0,1,0,0
6,1,0,1,0,1,1,0
7,1,1,0,0,0,1,0
8,1,1,1,0,1,0,1
9,0,1,1,0,1,1,0
10,0,0,0,1,1,0,0
11,0,0,1,0,1,1,1
12,1,1,0,0,0,1,1
13,0,0,0,0,1,0,1
14,1,1,0,0,0,0,0
15,0,1,0,0,1,0,0
16,1,0,1,1,1,0,1
17,1,1,1,0,0,1,0
18,1,1,0,0,0,0,0
19,0,1,0,0,1,0,0
20,1,0,0,0,0,1,0
21,1,0,0,1,0,0,1
22,1,1,0,1,0,0,0
23,1,1,1,0,0,1,1
24,0,0,1,1,0,0,1
25,0,1,1,1,0,1,0
26,1,1,0,1,1,0,1
27,0,0,0,0,1,0,1
28,0,0,0,0,0,1,1
29,1,0,0,1,0,1,1
30,0,0,1,0,1,0,1
31,0,1,0,1,0,1,1
32,0,0,0,1,1,0,1
33,0,1,0,1,1,1,0
34,0,1,0,1,1,0,1
35,1,1,0,1,0,1,1
36,1,0,1,1,1,0,0
37,1,0,1,1,1,0,0
38,0,1,1,1,0,1,1
39,0,1,0,1,0,0,1
40,0,1,1,0,1,0,0
41,1,0,0,1,0,0,0
42,0,1,0,0,1,1,1
43,0,0,0,0,0,1,1
44,1,1,1,0,0,0,0
45,1,1,1,0,1,1,1
46,0,1,1,1,1,0,0
47,1,0,1,0,0,0,1
48,0,1,1,1,0,0,0
49,1,0,1,1,1,1,0
50,1,1,0,1,0,1,1
51,1,0,1,1,0,0,0
52,1,0,0,0,1,1,0
53,1,0,1,0,0,0,1
54,0,0,1,0,0,0,1
55,0,1,1,0,1,0,1
56,1,0,0,1,0,1,1
57,1,1,1,1,1,1,1
58,1,0,1,1,0,0,0
59,0,1,1,0,1,1,0
60,0,1,1,0,1,0,0
61,0,0,1,1,0,0,0
62,0,0,0,0,0,1,1
63,0,0,1,0,0,1,0
64,0,1,1,0,0,1,0
65,1,1,0,1,1,1,0
66,0,1,1,1,1,1,1
67,1,0,0,0,1,1,0
68,0,0,1,1,1,0,0
69,1,0,0,1,0,1,1
70,0,1,0,0,1,0,1
71,1,1,1,1,0,0,0
72,1,1,0,0,0,0,1
73,1,0,0,0,0,0,0
74,0,1,1,1,1,0,0
75,1,0,1,1,0,1,0
76,1,0,0,0,0,1,0
77,0,1,1,1,1,1,1
78,0,0,1,1,0,1,1
79,0,1,1,0,0,0,1
80,1,0,1,1,1,1,0
81,0,1,1,1,1,0,0
82,1,0,0,1,1,1,1
83,0,1,1,0,1,0,1
84,1,0,0,0,0,1,0
85,1,0,0,1,0,0,0
86,1,0,0,1,1,0,0
87,0,0,0,0,0,1,0
88,0,1,1,0,1,0,1
89,0,1,1,0,1,1,1
90,0,0,0,1,0,0,1
91,1,1,1,1,1,1,0
92,1,1,1,1,1,1,1
93,1,1,0,0,0,1,0
94,1,0,0,0,0,1,0
95,1,0,1,1,1,1,0
96,1,1,1,0,1,1,1
97,0,0,0,0,0,1,0
98,1,1,1,1,1,0,1
99,0,1,1,1,0,0,0
100,0,0,1,1,0,1,0
101,1,0,1,1,1,0,1
102,0,0,0,1,1,0,0
103,1,1,1,1,1,0,0
104,0,1,0,1,0,0,0
105,0,1,0,1,1,0,0
106,0,0,1,1,1,0,0
107,1,1,1,0,0,0,1
108,0,1,0,0,1,0,0
109,1,1,1,0,0,0,0
110,0,0,0,0,0,1,0
111,0,1,0,0,0,0,1
112,1,0,0,0,0,1,1
113,1,1,0,0,0,1,0
114,0,1,0,0,0,0,1
115,0,1,1,0,1,1,1
116,1,1,1,1,1,0,0
117,1,1,0,0,1,1,0
118,0,0,0,0,1,0,1
119,0,1,0,0,1,1,1
120,1,0,1,1,1,1,1
121,0,1,1,0,0,1,1
122,0,0,0,0,1,0,1
123,1,1,1,1,0,0,0
124,1,1,1,0,0,1,1
125,0,0,1,0,0,0,0
126,0,0,0,0,1,0,1
127,0,1,0,1,1,0,1
128,0,0,0,0,0,1,0
129,1,1,1,0,1,0,0
130,1,0,0,1,0,1,0
131,0,1,1,1,0,1,0
132,1,0,1,0,0,0,0
133,0,1,1,1,1,1,1
134,1,0,1,1,1,1,0
135,0,0,0,1,1,1,0
136,0,1,1,0,0,0,0
137,1,1,1,1,0,0,1
138,0,1,1,1,1,1,0
139,0,1,1,0,0,1,1
140,1,0,0,1,1,1,0
141,0,1,1,1,0,0,0
142,0,0,1,0,0,1,0
143,1,1,0,0,0,0,1
144,1,0,1,1,0,0,0
145,1,0,0,0,0,0,0
146,1,1,0,1,0,1,0
147,1,0,0,1,0,1,0
148,0,0,1,1,0,1,1
149,1,1,1,1,1,0,1
150,0,0,0,1,1,0,0
151,1,1,0,0,0,1,1
152,1,0,0,0,0,0,1
153,0,0,1,1,1,0,1
154,1,0,0,0,1,1,0
155,0,0,0,1,1,0,1
156,0,0,1,0,0,1,1
157,0,0,1,0,0,0,0
158,1,1,0,0,1,1,0
159,0,0,0,1,0,1,0
160,0,0,0,1,0,1,0
161,1,1,1,0,1,0,1
162,1,1,0,0,1,0,1
163,1,1,0,1,1,0,1
164,1,0,1,0,0,1,0
165,1,0,1,1,1,1,0
166,1,0,1,1,0,0,1
167,0,1,1,1,0,0,0
168,1,0,0,1,0,0,0
169,0,1,1,1,1,1,1
170,0,1,1,0,1,0,1
171,1,1,0,1,0,1,0
172,1,0,1,1,0,1,1
173,0,1,1,0,1,0,1
174,1,0,0,0,1,1,0
175,0,0,0,1,1,0,1
176,1,0,1,1,1,1,0
177,0,1,1,1,0,0,0
178,0,0,0,0,0,1,1
179,1,1,0,1,0,0,0
180,1,1,1,0,0,0,0
181,0,0,0,1,0,1,0
182,1,1,1,1,1,1,0
183,1,0,0,0,0,0,1
184,0,0,1,1,1,0,0
185,0,1,1,0,1,0,0
186,0,1,0,1,1,1,0
187,0,1,0,0,1,1,1
188,1,0,0,0,1,1,0
189,1,1,1,1,0,0,1
190,0,1,1,0,1,0,1
191,1,0,1,0,1,0,0
192,1,0,0,1,0,1,0
193,0,1,0,1,0,0,0
194,1,0,1,1,1,0,0
195,1,0,0,1,0,0,0
196,0,0,0,0,0,0,1
197,1,1,1,1,0,1,0
198,0,0,1,0,1,1,0
199,0,0,1,0,0,1,0
200,0,1,1,0,0,0,0
201,0,1,1,1,1,1,1
202,1,0,1,1,1,0,1
203,1,0,1,0,1,1,1
204,0,0,1,1,0,1,1
205,1,0,1,0,0,1,0
206,1,1,0,1,1,1,0
207,1,0,1,0,1,0,1
208,0,0,1,0,0,0,0
209,1,0,1,1,0,0,1
210,1,1,0,1,0,1,1
211,1,0,1,1,0,1,1
212,1,1,0,1,0,1,1
213,0,0,0,1,1,0,1
214,0,1,0,0,0,0,0
215,0,0,1,1,1,0,1
216,0,0,0,0,1,1,1
217,0,0,0,1,0,0,1
218,1,0,1,0,0,0,0
219,0,0,1,0,0,0,0
220,1,0,0,0,0,0,1
221,0,1,1,0,1,0,1
222,1,1,1,0,0,1,1
223,0,1,1,0,0,0,1
224,1,0,0,0,1,0,1
225,1,1,0,1,1,0,1
226,0,1,0,1,1,0,0
227,0,1,0,0,0,1,1
228,1,0,1,1,1,0,0
229,1,0,0,1,0,1,1
230,0,1,0,0,1,1,0
231,0,0,0,0,1,1,1
232,1,1,0,0,1,0,1
233,0,1,1,0,1,1,1
234,1,0,0,1,0,1,0
235,1,0,0,1,1,0,0
236,0,1,0,0,1,0,0
237,1,1,1,1,1,1,1
238,0,0,0,0,1,1,0
239,0,0,0,0,1,0,0
240,0,1,1,1,1,1,1
241,1,1,1,1,1,1,0
242,1,0,1,1,0,1,0
243,1,1,1,1,1,1,1
244,0,0,1,1,0,1,0
245,1,1,0,0,1,1,1
246,0,1,1,1,0,1,1
247,0,0,0,1,1,0,1
248,0,0,0,0,1,1,0
249,1,0,1,0,0,1,1
250,0,1,0,1,1,1,0
251,1,0,1,1,0,1,0
252,1,0,0,0,1,1,0
253,1,1,1,1,0,1,0
254,0,0,1,0,1,1,1
255,0,0,0,1,1,0,1
256,1,1,1,0,0,1,0
257,1,0,1,1,0,0,0
258,0,0,1,0,1,0,1
259,1,1,0,1,1,0,0
260,0,1,1,1,1,0,1
261,1,0,1,1,1,0,0
262,1,0,1,0,0,0,1
263,1,1,0,0,0,0,0
264,1,1,0,1,1,0,0
265,1,1,1,0,1,0,0
266,0,1,1,1,0,1,1
267,1,1,1,0,1,0,0
268,0,0,1,1,0,0,1
269,1,1,1,0,0,1,1
270,1,0,1,1,1,0,1
271,0,0,1,0,0,0,0
272,0,1,0,0,0,1,0
273,0,0,1,0,0,1,1
274,1,0,0,0,0,1,0
275,0,1,0,0,0,0,0
276,0,1,1,0,1,1,0
277,0,0,0,0,0,1,0
278,1,1,0,1,0,1,1
279,1,0,0,1,0,1,1
280,1,1,1,1,1,0,1
281,1,0,1,0,0,0,1
282,1,0,0,1,0,0,0
283,0,0,1,0,0,1,0
284,1,1,1,1,0,0,1
285,1,0,1,0,1,0,1
286,0,1,1,0,1,0,0
287,1,1,1,0,1,1,1
288,1,1,0,1,1,0,0
289,0,1,0,0,1,1,0
290,0,1,0,1,1,0,1
291,0,1,1,0,1,0,0
292,1,0,0,1,1,0,1
293,1,1,1,1,0,1,1
294,0,1,1,0,0,1,0
295,0,0,0,0,1,1,1
296,1,1,0,1,1,0,0
297,1,0,0,1,1,0,0
298,1,0,0,0,1,0,0
299,0,1,1,1,0,1,0
300,1,1,1,1,1,1,1
301,1,1,1,1,0,1,0
302,0,1,0,0,0,1,1
303,0,1,0,1,0,0,1
304,0,1,1,0,0,0,0
305,0,0,1,0,0,0,1
306,1,0,0,0,0,1,1
307,0,0,0,1,1,0,1
308,0,1,1,0,1,1,1
309,1,1,0,0,0,0,1
310,0,0,0,1,1,0,1
311,0,1,1,0,0,1,1
312,1,0,0,1,1,1,1
313,1,1,1,1,1,0,1
314,1,0,1,0,1,1,1
315,1,0,1,0,1,1,1
316,1,0,0,1,1,0,1
317,0,0,0,0,1,0,1
318,0,0,0,1,1,1,0
319,0,1,0,1,1,1,1
320,0,1,1,1,0,1,1
321,1,0,1,1,0,0,1
322,0,0,1,1,1,0,0
323,0,0,1,1,0,0,1
324,0,1,1,1,0,0,1
325,1,0,0,1,0,1,1
326,1,0,1,0,0,0,1
327,1,1,0,0,1,1,0
328,0,1,1,1,1,1,0
329,0,1,1,0,1,1,0
330,0,1,0,1,1,0,1
331,0,0,0,1,1,0,0
332,0,0,0,1,0,0,1
333,1,1,1,1,1,0,0
334,0,1,0,0,1,0,0
335,0,1,1,1,1,1,1
336,1,0,1,1,0,1,0
337,0,1,0,0,1,0,0
338,1,1,0,0,1,0,0
339,1,1,1,1,0,1,1
340,0,1,0,1,1,1,1
341,1,0,0,0,1,1,1
342,0,0,1,1,0,0,0
343,1,0,0,1,0,0,1
344,1,0,0,1,1,0,0
345,0,0,0,1,0,0,0
346,0,1,0,1,1,0,1
347,0,1,1,0,1,0,0
348,0,1,0,0,1,1,0
349,1,0,1,0,1,1,1
350,0,0,0,0,0,0,0
351,1,0,0,1,0,1,0
352,1,0,1,1,1,1,0
353,0,0,0,0,0,1,1
354,0,1,0,1,1,1,0
355,1,0,1,0,1,1,1
356,1,0,0,1,1,0,1
357,1,0,0,1,0,0,0
358,0,1,1,0,1,0,0
359,1,0,1,1,0,0,0
360,1,1,1,0,0,0,0
361,0,1,0,0,0,0,1
362,0,0,0,1,1,1,1
363,0,1,1,1,0,1,0
364,1,1,1,0,0,0,1
365,0,0,1,1,1,0,1
366,1,1,0,1,1,0,0
367,0,1,0,0,0,0,0
368,1,1,0,1,0,0,0
369,0,0,0,1,0,1,1
370,1,1,0,1,0,1,1
371,1,0,0,0,1,1,0
372,0,0,0,0,0,0,1
373,0,0,1,0,1,1,1
374,0,0,0,1,1,0,1
375,0,0,1,1,0,0,1
376,1,1,0,1,0,0,0
377,1,1,0,1,1,0,1
378,0,0,1,1,0,0,0
379,0,0,1,0,0,1,1
380,0,1,1,0,0,0,0
381,0,1,0,1,0,1,1
382,1,1,0,0,1,0,0
383,1,0,0,1,1,0,1
384,0,1,0,1,0,1,1
385,1,1,0,1,1,1,0
386,0,0,1,1,0,0,1
387,0,1,1,1,1,0,1
388,1,0,0,1,0,0,0
389,1,1,1,1,0,1,0
390,1,0,1,1,1,0,1
391,1,1,0,1,0,1,1
392,0,1,1,1,0,0,0
393,0,1,1,0,0,0,0
394,0,0,0,1,1,0,0
395,0,1,1,1,1,1,0
396,0,0,0,0,0,0,0
397,0,0,1,0,0,0,0
398,1,1,0,0,0,1,1
399,1,1,0,0,1,1,0
400,1,1,1,1,0,1,0
401,1,0,1,0,0,0,0
402,0,0,0,1,1,1,0
403,0,0,0,1,1,1,1
404,0,1,1,1,0,0,1
405,1,0,0,1,0,1,0
406,0,0,1,0,1,1,1
407,0,0,0,0,1,1,1
408,1,0,1,1,1,1,0
409,1,0,1,1,1,0,1
410,1,0,1,0,0,1,1
411,1,1,1,1,1,0,0
412,0,1,1,1,0,0,1
413,0,0,0,0,0,0,1
414,0,0,1,1,1,1,1
415,0,0,0,1,0,0,0
416,1,0,0,1,0,0,0
417,1,1,0,0,0,0,1
418,0,1,1,0,0,0,0
419,1,1,0,1,0,0,0
420,0,0,0,1,0,0,1
421,1,0,1,1,0,1,0
422,0,1,1,1,0,1,1
423,0,1,0,0,1,0,1
424,1,0,1,1,1,1,1
425,0,1,0,0,0,1,0
426,0,0,1,0,1,0,1
427,1,1,1,0,1,1,1
428,1,1,0,1,1,0,1
429,1,0,1,1,1,1,1
430,0,1,0,0,0,1,0
431,0,0,0,0,0,0,0
432,0,0,0,1,0,1,0
433,1,0,1,0,1,0,1
434,0,0,0,1,0,1,1
435,0,0,1,0,1,0,1
436,0,1,0,0,1,1,1
437,0,0,1,1,1,1,0
438,1,1,0,0,0,0,1
439,0,1,0,1,0,0,0
440,0,1,0,0,1,1,0
441,0,1,0,1,0,1,0
442,0,1,1,0,0,1,1
443,0,1,1,0,1,1,1
444,0,1,0,0,1,1,0
445,1,1,0,0,0,1,1
446,1,1,1,1,1,0,0
447,0,1,1,0,0,1,1
448,1,1,1,1,0,1,0
449,0,1,1,0,0,0,0
450,1,1,1,0,1,0,1
451,1,1,1,1,0,0,1
452,0,1,0,0,0,0,1
453,1,0,1,1,0,0,1
454,0,0,0,0,1,0,1
455,0,0,0,1,0,1,1
456,1,0,1,0,1,0,0
457,1,0,0,1,1,1,0
458,0,1,0,0,1,1,0
459,1,1,0,0,0,0,1
460,1,1,1,0,1,1,0
461,1,1,0,0,1,1,1
462,1,0,0,1,1,0,0
463,1,0,0,1,1,0,0
464,1,1,1,0,0,1,1
465,1,0,0,0,0,1,1
466,0,1,1,0,1,1,0
467,1,0,1,1,1,0,0
468,1,1,0,1,1,0,1
469,1,1,0,0,0,0,1
470,0,0,0,0,1,1,1
471,1,1,1,0,0,1,1
472,1,0,1,1,0,1,0
473,1,0,1,1,1,1,0
474,1,0,1,1,1,1,0
475,1,1,0,1,0,1,0
476,0,0,1,1,0,0,1
477,0,1,1,1,0,0,0
478,1,1,0,1,0,1,0
479,0,1,0,1,0,1,1
480,0,1,1,1,0,0,0
481,0,1,1,1,1,1,0
482,0,1,1,0,0,0,0
483,0,1,1,0,0,0,1
484,1,0,0,1,0,1,1
485,1,1,0,1,1,0,1
486,0,1,1,1,0,1,1
487,0,1,0,1,1,0,1
488,0,1,1,1,1,1,0
489,0,0,1,1,0,1,1
490,0,1,0,1,1,1,1
491,0,0,1,1,1,0,0
492,0,1,1,0,0,1,0
493,1,1,1,1,0,0,0
494,1,0,1,1,0,0,1
495,1,0,0,1,0,0,1
496,1,0,0,0,0,1,0
497,1,1,0,0,0,1,0
498,1,1,1,0,1,1,1
499,1,1,0,1,0,0,1
500,0,1,0,1,0,0,0
501,1,0,0,0,1,0,1
502,1,0,0,1,1,1,0
503,0,1,0,1,1,0,0
504,1,1,0,1,1,0,0
505,1,0,1,1,1,0,0
506,1,0,0,0,1,0,1
507,1,0,0,1,1,0,1
508,1,0,0,0,0,0,0
509,1,1,0,1,0,0,1
510,1,1,1,1,0,0,0
511,1,0,1,1,1,0,1
512,0,0,1,1,0,0,1
513,0,0,1,1,1,1,0
514,0,1,1,1,0,1,1
515,0,0,1,1,0,0,1
516,0,0,0,1,1,0,1
517,1,1,1,1,0,0,1
518,1,1,0,1,1,1,0
519,1,1,0,1,1,0,0
520,0,0,0,0,0,1,1
521,1,1,1,0,0,0,1
522,1,1,1,1,1,0,0
523,0,0,1,1,1,1,0
524,0,1,0,0,0,0,0
525,0,1,1,1,1,1,1
526,1,0,0,1,1,0,1
527,0,0,1,1,1,0,0
528,0,1,0,1,1,0,1
529,0,0,0,1,1,0,0
530,1,1,1,0,0,0,1
531,0,0,1,0,0,1,1
532,1,0,1,1,0,0,1
533,1,1,1,1,0,0,1
534,0,0,1,1,1,1,0
535,0,0,0,0,0,1,0
536,1,1,0,0,1,1,0
537,0,0,1,1,0,0,0
538,0,1,0,1,0,0,0
539,1,1,0,1,0,1,0
540,0,0,0,1,0,1,0
541,0,1,0,0,1,1,0
542,0,1,0,1,0,1,0
543,1,1,1,0,1,1,0
544,0,1,0,0,1,0,1
545,0,1,0,0,1,0,1
546,0,0,0,1,1,0,0
547,1,0,0,1,1,0,0
548,1,1,0,0,1,0,0
549,0,1,1,0,1,0,1
550,0,1,0,1,1,1,0
551,0,1,1,1,0,1,1
552,0,1,0,0,1,1,1
553,0,1,1,1,1,1,0
554,0,0,0,0,1,1,1
555,1,1,1,1,1,1,0
556,0,0,1,0,0,0,0
557,0,0,1,0,0,0,1
558,0,0,1,0,0,1,1
559,0,1,1,0,1,0,1
560,0,0,0,1,0,1,1
561,1,1,1,0,1,1,0
562,0,1,0,0,1,0,1
563,1,0,1,0,0,1,1
564,0,0,1,0,0,1,1
565,0,0,0,1,0,0,1
566,0,1,0,0,1,0,0
567,1,0,0,0,0,1,1
568,0,0,0,1,0,1,1
569,0,1,1,0,1,1,0
570,1,1,1,1,1,0,1
571,1,0,1,1,0,1,0
572,1,1,0,1,1,1,1
573,0,1,1,1,1,1,0
574,0,0,0,1,0,1,0
575,1,1,1,1,0,1,0
576,1,1,1,0,1,1,0
577,0,1,1,1,0,0,0
578,1,1,0,1,1,0,0
579,0,0,1,0,0,1,0
580,1,1,1,0,0,1,1
581,0,0,0,0,0,1,0
582,1,0,1,0,0,0,0
583,1,0,0,0,1,1,1
584,1,1,1,0,1,0,0
585,0,0,0,1,0,1,1
586,1,0,1,0,0,0,0
587,0,1,0,1,1,1,0
588,1,1,0,1,1,0,0
589,1,1,0,1,1,1,1
590,1,0,0,0,0,1,0
591,0,0,1,0,1,1,0
592,0,1,0,0,0,1,1
593,1,1,1,1,1,0,1
594,0,1,0,0,1,1,0
595,0,1,1,1,0,1,0
596,1,1,1,1,0,1,1
597,0,1,1,0,1,1,1
598,1,0,0,1,0,0,0
599,0,0,0,0,1,1,0
600,0,0,1,0,1,0,0
601,1,0,1,1,0,0,1
602,0,0,1,1,1,1,1
603,0,0,0,0,0,1,1
604,1,0,1,0,0,0,0
605,0,1,0,1,0,1,1
606,0,0,0,0,1,0,0
607,0,0,1,0,1,1,0
608,1,0,0,1,1,1,1
609,0,1,0,1,0,1,1
610,1,0,1,0,0,1,1
611,1,1,0,1,0,1,1
612,0,1,0,1,0,1,0
613,1,0,1,1,0,0,1
614,1,1,0,0,1,0,1
615,0,1,1,0,1,0,0
616,1,1,1,0,1,0,0
617,1,1,0,0,0,1,0
618,0,0,0,0,1,0,0
619,0,0,0,1,0,1,1
620,0,1,1,0,0,0,1
621,0,1,0,1,1,0,1
622,0,0,1,1,0,1,0
623,0,1,0,1,0,0,0
624,0,0,0,0,1,0,0
625,1,0,0,1,1,1,0
626,1,1,1,0,0,0,0
627,0,1,1,1,0,0,1
628,0,0,1,0,0,0,1
629,1,1,0,0,1,1,0
630,1,1,1,1,0,1,0
631,0,0,1,0,1,0,1
632,0,1,1,1,1,1,0
633,0,0,0,1,0,1,1
634,1,0,0,1,1,1,0
635,1,1,0,0,1,1,0
636,1,0,0,0,0,0,1
637,1,1,1,1,1,0,0
638,1,0,1,1,1,1,0
639,0,0,0,1,1,0,1
640,1,1,0,0,0,0,0
641,0,0,1,1,0,1,0
642,0,1,1,0,0,0,0
643,0,1,0,0,1,1,0
644,0,1,1,0,1,1,1
645,0,1,0,0,0,0,1
646,0,1,0,0,0,1,0
647,0,1,1,1,1,1,1
648,1,0,1,0,0,1,1
649,1,1,1,0,0,0,1
650,1,0,1,1,1,0,1
651,0,0,1,1,0,0,1
652,0,1,1,1,0,1,1
653,1,0,1,1,0,1,1
654,0,1,1,0,1,0,0
655,1,0,0,0,1,1,1
656,1,0,1,0,1,0,1
657,1,1,1,1,0,0,0
658,1,0,0,0,1,0,0
659,1,1,0,0,1,1,1
660,0,1,1,0,1,0,1
661,1,1,1,0,0,0,1
662,1,1,0,1,1,1,0
663,1,0,0,0,0,1,0
664,1,1,0,1,1,1,1
665,0,1,0,0,0,1,1
666,0,1,1,1,1,0,0
667,1,1,0,1,1,0,0
668,0,0,1,0,1,1,1
669,0,0,0,1,1,1,0
670,1,0,1,0,1,1,0
671,0,1,1,1,1,1,1
672,1,0,1,0,0,0,0
673,1,1,1,0,0,1,0
674,1,1,1,1,0,1,1
675,1,1,1,0,1,0,0
676,0,0,1,1,0,0,1
677,1,1,1,1,1,1,0
678,1,0,0,0,1,1,1
679,1,0,1,1,0,1,0
680,0,0,1,1,1,0,0
681,0,1,0,1,1,1,1
682,0,1,0,1,0,0,0
683,0,1,1,1,1,0,1
684,0,1,0,0,1,0,1
685,1,0,0,1,1,0,0
686,0,1,1,0,0,0,1
687,1,1,1,0,0,0,1
688,0,0,0,1,1,1,1
689,1,0,1,1,0,1,1
690,0,0,1,1,1,0,0
691,1,1,1,0,0,1,1
692,1,1,1,1,1,1,0
693,1,0,0,0,0,1,0
694,1,0,1,1,0,1,0
695,0,0,1,0,1,0,0
696,1,0,1,0,1,0,0
697,1,1,1,1,0,1,1
698,0,0,1,1,0,0,0
699,1,1,0,1,1,0,0
700,0,0,0,1,0,0,1
701,1,0,0,1,1,0,0
702,1,0,0,0,0,1,1
703,1,0,1,1,0,0,1
704,0,0,0,1,0,0,0
705,1,0,1,1,1,0,0
706,1,0,1,0,0,1,1
707,1,1,1,1,0,0,0
708,0,1,0,0,1,1,1
709,0,1,1,0,1,1,1
710,1,0,1,1,0,0,1
711,0,0,1,0,0,0,0
712,0,1,1,1,1,0,1
713,1,0,1,0,1,1,0
714,0,0,0,1,0,1,0
715,1,0,1,1,1,1,0
716,0,0,0,0,0,0,1
717,1,1,0,0,0,1,0
718,1,0,1,0,1,1,1
719,0,0,0,0,0,1,1
720,1,0,0,0,0,0,1
721,1,0,1,0,0,1,1
722,1,0,1,1,1,0,0
723,1,0,0,1,0,1,1
724,1,0,0,0,1,0,0
725,1,0,1,0,0,0,1
726,1,1,1,1,0,1,0
727,0,1,0,0,1,0,1
728,1,1,0,1,1,0,1
729,0,1,1,1,0,1,0
730,1,1,0,0,1,0,0
731,1,0,1,0,1,1,1
732,1,1,1,1,0,1,0
733,1,1,1,1,0,0,1
734,1,0,0,0,1,1,1
735,1,0,0,1,1,1,0
736,0,1,0,0,0,0,0
737,0,1,0,0,1,1,0
738,1,1,1,1,0,0,0
739,1,1,0,0,1,0,0
740,1,1,1,1,0,0,1
741,0,1,0,1,1,1,0
742,1,1,0,0,1,0,1
743,0,0,0,1,1,0,0
744,0,1,1,1,0,0,1
745,0,0,1,0,0,1,1
746,0,0,0,0,0,0,0
747,1,1,1,1,0,1,1
748,1,1,0,1,1,0,0
749,1,0,0,0,1,0,1
750,0,1,0,0,1,0,0
751,0,1,1,0,0,1,0
752,0,1,1,0,1,1,0
753,0,1,0,1,0,1,1
754,1,1,1,0,1,0,1
755,0,1,0,0,1,1,1
756,1,1,1,1,0,1,1
757,0,0,0,1,1,0,1
758,0,1,1,1,0,0,0
759,0,0,1,1,0,1,0
760,1,0,1,0,1,1,1
761,0,0,0,1,0,0,1
762,1,0,0,1,0,0,1
763,0,0,0,1,0,1,0
764,0,1,1,1,1,1,0
765,0,1,1,0,1,1,0
766,0,1,1,0,1,0,0
767,0,1,0,1,1,0,1
768,0,1,1,0,1,0,1
769,0,1,1,0,1,0,1
770,0,0,0,1,0,0,0
771,0,0,1,1,0,0,0
772,0,0,1,1,0,0,1
773,1,1,0,0,0,1,0
774,1,1,1,0,1,1,0
775,0,0,1,0,0,1,0
776,1,1,1,0,1,1,1
777,1,0,1,0,0,0,0
778,1,1,0,0,1,0,1
779,1,1,0,0,1,1,1
780,1,1,1,1,1,1,0
781,0,0,1,1,0,1,0
782,1,0,0,0,0,1,0
783,1,1,1,1,1,0,1
784,1,1,0,1,0,0,0
785,1,1,1,0,0,1,0
786,0,1,0,1,1,0,0
787,0,0,0,1,1,0,1
788,1,0,1,0,1,0,0
789,1,0,1,0,1,1,1
790,0,1,1,0,0,1,0
791,1,0,0,1,0,0,1
792,1,1,0,1,1,0,0
793,1,1,0,1,0,0,1
794,1,1,1,0,0,1,0
795,0,1,0,1,0,0,0
796,1,0,1,0,1,1,1
797,0,1,1,0,1,1,1
798,1,0,1,1,1,1,0
799,1,1,1,1,0,1,0
800,1,1,0,1,0,1,0
801,1,1,1,1,1,0,1
802,1,0,1,1,1,1,1
803,1,0,0,0,1,0,0
804,0,1,0,0,1,1,1
805,1,0,0,0,0,1,1
806,0,0,1,0,1,1,0
807,0,1,1,0,1,0,0
808,1,1,0,1,1,1,0
809,0,1,0,1,1,0,1
810,0,0,1,1,1,1,1
811,1,0,1,0,1,1,1
812,0,0,0,0,1,0,0
813,1,0,0,1,0,0,1
814,1,1,0,1,1,1,0
815,1,1,1,0,0,1,0
816,0,1,0,0,0,1,1
817,0,1,0,0,1,0,0
818,0,1,0,0,0,1,1
819,0,1,1,1,0,1,1
820,1,1,0,1,0,0,0
821,0,0,0,0,1,1,0
822,1,1,0,1,1,0,1
823,1,1,0,1,0,0,0
824,1,1,0,0,1,1,0
825,0,1,0,1,0,0,1
826,1,1,1,1,0,1,1
827,0,1,1,0,1,1,1
828,0,1,0,1,1,1,1
829,1,0,1,1,1,1,0
830,1,1,0,1,1,1,0
831,0,1,1,0,1,0,1
832,1,1,1,1,0,0,1
833,0,1,1,1,1,0,0
834,0,0,1,1,0,1,1
835,1,1,1,0,1,0,0
836,1,1,1,1,1,1,0
837,0,1,1,0,0,0,0
838,1,1,1,0,0,0,1
839,0,0,0,0,0,1,0
840,0,1,0,0,1,0,1
841,1,0,1,1,0,0,0
842,0,1,1,0,0,1,0
843,1,1,0,1,0,0,0
844,1,1,1,0,0,1,1
845,1,1,0,0,0,1,1
846,1,1,1,1,1,1,1
847,1,1,0,0,1,1,0
848,0,0,0,0,1,1,0
849,1,1,1,1,0,0,1
850,0,0,1,0,1,1,0
851,0,1,1,0,1,0,0
852,1,1,0,0,0,1,1
853,1,0,0,0,0,0,0
854,0,1,1,0,1,0,1
855,0,1,0,1,1,0,0
856,1,1,1,1,1,0,0
857,1,0,0,1,1,0,1
858,0,0,1,1,1,1,0
859,1,1,0,1,0,1,0
860,0,0,0,0,0,1,0
861,1,0,0,1,0,0,0
862,1,0,1,1,0,0,0
863,1,1,1,1,1,0,1
864,1,0,0,0,0,0,0
865,1,1,1,1,1,0,0
866,0,1,0,0,1,0,1
867,0,1,1,0,1,1,1
868,0,0,1,0,1,1,0
869,1,1,1,1,1,0,0
870,1,1,0,0,1,1,0
871,0,1,1,0,0,0,0
872,0,0,1,0,0,0,0
873,1,1,0,0,0,1,1
874,1,0,0,0,0,0,0
875,0,1,0,1,1,1,1
876,0,0,0,0,1,1,1
877,1,0,1,1,0,1,1
878,0,0,0,0,1,0,1
879,1,0,0,0,0,0,0
880,0,0,1,1,1,0,0
881,0,1,0,1,0,1,0
882,1,0,0,0,0,1,0
883,0,1,1,1,0,0,0
884,0,0,0,1,0,1,1
885,1,1,1,1,0,0,1
886,0,1,0,1,1,0,1
887,0,1,0,0,0,0,0
888,1,0,0,1,1,0,0
889,0,0,0,0,0,0,0
890,1,1,0,1,1,0,1
891,0,0,1,1,0,0,1
892,1,0,0,0,1,0,1
893,0,0,1,0,1,0,1
894,0,0,1,1,0,1,0
895,0,0,1,0,0,0,0
896,1,0,0,1,1,0,1
897,0,1,1,0,0,0,0
898,1,1,1,0,0,0,1
899,1,0,1,1,1,0,1
900,0,1,1,0,0,1,0
901,1,0,1,1,1,0,0
902,0,0,0,1,1,0,0
903,0,0,1,1,0,1,0
904,1,1,1,0,0,0,0
905,0,1,0,0,1,1,1
906,1,0,0,0,1,1,0
907,1,1,1,0,0,1,0
908,0,1,0,0,0,0,0
909,0,0,1,1,0,1,1
910,0,0,0,0,0,0,1
911,1,0,0,0,0,1,1
912,0,0,1,1,1,1,0
913,0,0,1,0,0,1,1
914,1,0,0,1,1,1,1
915,0,0,1,0,0,1,0
916,1,0,1,1,1,0,0
917,0,1,0,1,1,0,1
918,1,1,0,1,1,0,1
919,0,0,0,0,0,1,1
920,1,0,1,0,0,0,0
921,0,1,0,0,1,0,1
922,0,1,1,1,0,0,1
923,0,0,1,0,0,0,1
924,0,0,0,0,0,0,1
925,1,0,0,0,1,0,0
926,1,1,1,0,1,1,0
927,1,0,1,1,0,0,0
928,0,1,0,0,1,0,0
929,1,1,1,1,0,0,0
930,0,1,0,1,1,0,0
931,0,1,0,0,1,0,1
932,0,1,1,1,0,1,1
933,1,1,1,0,1,1,0
934,0,1,1,0,0,1,1
935,0,0,1,0,1,1,1
936,0,0,0,0,1,1,0
937,0,0,0,0,0,1,0
938,1,0,0,1,1,1,1
939,0,0,1,0,0,0,0
940,0,0,1,1,0,0,0
941,1,0,1,1,0,0,1
942,0,0,0,0,0,1,0
943,0,0,1,1,1,0,1
944,1,0,0,1,1,0,0
945,0,1,1,0,1,1,1
946,1,1,1,1,0,0,1
947,0,1,1,1,1,0,0
948,1,0,0,1,0,1,1
949,1,1,1,1,1,1,1
950,0,0,0,1,1,0,1
951,0,1,1,0,1,1,1
952,0,1,0,1,1,0,1
953,1,0,0,1,1,0,0
954,0,1,0,0,1,0,1
955,1,1,0,0,0,1,1
956,1,1,0,1,1,0,1
957,1,0,0,0,1,1,1
958,0,0,1,0,0,1,1
959,1,0,1,0,1,0,0
960,0,0,0,0,1,1,0
961,1,1,0,0,0,0,1
962,0,1,0,1,1,0,0
963,0,1,1,1,1,0,1
964,0,0,1,0,0,0,0
965,0,1,0,1,1,1,0
966,0,0,1,0,0,0,0
967,1,1,0,1,1,0,1
968,1,1,0,1,1,0,1
969,1,1,1,1,0,0,0
970,0,1,1,1,1,0,0
971,1,1,1,1,1,1,0
972,1,1,1,0,0,0,0
973,0,0,0,1,1,1,0
974,1,0,1,0,0,0,1
975,0,1,0,0,0,0,1
976,0,1,0,0,1,0,0
977,1,0,0,1,0,0,1
978,0,0,1,1,1,0,0
979,1,0,0,0,1,0,1
980,1,0,1,1,0,1,0
981,1,0,1,1,0,0,0
982,1,1,0,1,0,0,1
983,1,0,0,0,0,0,0
984,0,1,0,1,1,1,0
985,1,0,0,1,1,1,1
986,1,0,0,0,1,1,0
987,1,1,1,0,1,0,0
988,1,1,1,0,0,1,0
989,0,1,0,0,0,0,0
990,1,1,0,0,0,1,1
991,1,1,0,0,0,1,1
992,0,1,0,1,1,0,1
993,0,1,1,1,1,1,1
994,0,1,1,1,1,0,0
995,1,1,1,0,1,0,0
996,0,1,0,1,0,0,0
997,1,0,1,0,1,0,0
998,1,0,0,1,1,1,0
999,1,0,0,1,0,0,1
1000,1,1,1,0,1,0,1
1001,0,1,1,1,0,0,1
1002,0,0,0,0,0,1,1
1003,1,1,1,0,1,1,0
1004,0,0,0,1,1,1,0
1005,1,1,0,1,0,1,0
1006,0,1,0,1,1,1,1
1007,1,0,0,0,0,0,1
1008,1,0,0,0,1,1,1
1009,0,0,1,0,0,0,1
1010,1,1,0,0,0,1,0
1011,1,1,0,0,0,1,0
1012,0,0,1,1,1,1,1
1013,0,1,0,0,0,0,0
1014,1,0,0,1,1,0,1
1015,1,1,0,0,0,1,1
1016,1,1,1,1,0,1,0
1017,0,0,1,1,0,0,1
1018,1,1,0,0,0,1,1
1019,1,0,0,0,1,0,0
1020,1,0,1,1,1,0,0
1021,1,0,0,1,1,0,1
1022,1,0,0,0,0,0,1
1023,1,0,1,1,1,0,1
1024,0,1,0,0,1,0,1
1025,1,1,0,0,0,1,0
1026,1,1,0,1,1,1,0
1027,0,0,0,1,0,1,1
1028,1,1,1,0,0,0,0
1029,1,0,0,0,1,0,0
1030,0,1,1,1,0,0,0
1031,1,1,0,0,1,1,1
1032,0,1,1,1,0,0,1
1033,1,0,0,1,1,1,0
1034,0,0,1,1,0,1,1
1035,0,0,0,0,1,1,1
1036,0,1,0,0,0,1,0
1037,1,0,0,1,0,1,0
1038,0,0,1,1,1,1,0
1039,0,1,0,1,0,0,1
1040,1,0,0,0,0,0,0
1041,0,1,1,1,1,1,0
1042,1,1,1,1,0,0,1
1043,0,0,1,1,1,0,0
1044,1,0,0,1,1,0,1
1045,0,0,1,1,0,1,1
1046,0,1,1,1,0,0,0
1047,1,1,1,0,1,0,1
1048,0,1,1,1,1,0,0
1049,0,1,0,1,1,1,0
1050,1,1,0,1,0,1,1
1051,0,0,0,1,1,0,0
1052,0,1,1,0,1,0,1
1053,0,0,0,1,1,1,1
1054,1,0,0,0,0,1,0
1055,1,0,1,1,0,0,1
1056,0,0,0,0,1,0,1
1057,1,0,0,1,0,0,0
1058,0,0,1,1,1,0,1
1059,1,0,0,1,0,0,0
1060,1,0,1,1,0,0,1
1061,0,1,1,0,1,1,1
1062,1,1,0,0,0,0,0
1063,0,0,1,0,1,1,0
1064,1,0,0,0,1,1,1
1065,0,0,1,1,0,1,0
1066,1,0,1,1,0,0,1
1067,1,0,1,1,0,1,1
1068,1,0,1,0,1,1,0
1069,0,1,1,0,1,1,0
1070,0,1,0,0,0,1,1
1071,0,0,0,0,0,1,1
1072,0,0,0,1,0,1,0
1073,0,1,0,0,0,1,1
1074,0,1,0,1,1,1,1
1075,0,0,1,0,1,1,1
1076,0,1,0,0,0,1,1
1077,1,1,1,0,1,1,0
1078,0,0,0,0,1,0,1
1079,1,1,1,1,0,0,0
1080,1,1,1,1,0,0,1
1081,0,0,1,1,0,0,1
1082,0,1,0,1,0,1,1
1083,0,0,1,0,0,1,0
1084,1,0,1,0,0,1,0
1085,1,1,0,0,0,1,1
1086,1,0,1,1,1,0,1
1087,1,1,1,0,0,1,1
1088,1,0,1,0,0,0,1
1089,0,1,0,1,1,0,0
1090,0,0,0,0,0,1,0
1091,0,0,0,1,0,0,1
1092,0,1,1,1,1,0,0
1093,0,0,0,0,0,1,1
1094,0,0,1,0,0,0,1
1095,0,0,1,1,1,1,0
1096,1,0,0,1,0,0,0
1097,1,0,0,0,0,0,0
1098,1,0,0,0,0,0,0
1099,1,1,1,1,1,1,1
1100,0,0,1,1,1,1,0
1101,0,1,0,0,0,0,1
1102,0,1,0,0,0,1,0
1103,1,1,1,0,1,0,0
1104,0,1,0,1,0,1,1
1105,1,0,0,1,0,1,1
1106,0,0,0,1,1,1,0
1107,1,1,1,0,1,0,0
1108,0,0,1,0,1,0,0
1109,1,0,0,1,1,0,1
1110,1,0,1,0,0,0,0
1111,0,1,1,1,0,1,1
1112,0,1,0,1,1,1,0
1113,1,0,0,0,0,1,0
1114,0,1,1,1,1,0,0
1115,1,1,0,1,1,1,0
1116,1,1,1,1,0,1,1
1117,0,0,0,1,1,0,0
1118,0,0,1,1,1,1,0
1119,0,0,1,0,1,1,0
1120,1,1,1,0,1,1,0
1121,1,1,1,0,0,0,1
1122,1,1,1,1,1,1,1
1123,0,1,1,0,0,0,1
1124,1,1,0,1,1,1,1
1125,0,1,0,0,1,1,1
1126,1,0,1,0,0,0,0
1127,1,1,0,0,0,1,0
1128,0,1,1,1,0,1,1
1129,0,1,1,1,1,1,0
1130,0,0,0,0,1,0,1
1131,0,1,1,1,0,1,0
1132,1,0,0,0,1,1,1
1133,0,0,0,1,0,1,0
1134,1,0,0,1,1,1,0
1135,0,1,1,0,0,1,1
1136,0,0,1,0,1,1,0
1137,0,0,0,0,0,0,0
1138,0,0,1,1,0,0,1
1139,1,0,0,1,0,1,1
1140,1,1,1,1,0,0,1
1141,0,1,1,0,0,0,0
1142,0,0,1,1,1,0,1
1143,1,1,0,0,1,0,0
1144,1,0,0,1,0,1,1
1145,0,1,1,1,1,0,1
1146,1,1,0,0,0,0,1
1147,1,0,0,0,0,0,0
1148,0,0,0,0,1,0,1
1149,0,0,0,0,0,0,0
1150,0,1,0,1,1,1,1
1151,0,1,1,0,1,1,0
1152,0,0,1,1,1,0,0
1153,1,1,0,0,0,1,0
1154,1,0,1,1,0,1,1
1155,1,1,1,1,0,1,0
1156,1,1,0,0,0,0,0
1157,1,1,0,0,0,0,1
1158,1,0,0,0,0,1,1
1159,0,1,0,1,0,0,1
1160,1,1,0,0,0,1,0
1161,0,1,0,1,1,0,0
1162,1,0,1,0,0,0,1
1163,1,0,1,0,1,1,1
1164,0,0,0,1,0,0,1
1165,0,0,0,0,1,1,1
1166,0,0,0,1,0,1,1
1167,0,0,0,0,1,1,1
1168,1,0,0,1,1,0,1
1169,0,0,1,1,0,0,0
1170,0,0,1,0,0,1,1
1171,0,0,1,1,0,1,0
1172,1,0,1,0,0,1,1
1173,1,1,1,1,0,1,1
1174,0,1,1,1,0,0,0
1175,1,1,0,1,1,0,0
1176,1,0,1,1,0,1,0
1177,0,0,1,1,1,0,0
1178,1,0,1,1,0,1,0
1179,1,1,0,1,1,1,0
1180,1,1,0,1,0,0,1
1181,1,1,0,1,1,0,0
1182,0,1,0,0,1,0,0
1183,1,0,0,1,0,1,0
1184,1,1,0,1,1,0,1
1185,0,1,0,0,1,0,0
1186,1,0,1,1,0,0,0
1187,1,0,1,0,1,1,0
1188,0,1,1,0,0,1,1
1189,1,0,0,1,1,1,1
1190,1,1,0,1,1,0,0
1191,1,0,0,1,0,0,0
1192,0,1,1,1,0,0,0
1193,1,0,1,1,0,1,1
1194,0,1,1,1,1,0,1
1195,0,0,0,0,0,1,0
1196,1,1,0,1,0,1,0
1197,1,0,0,1,1,0,0
1198,1,1,0,0,0,0,0
1199,1,1,0,0,0,0,1
1200,1,0,0,0,1,1,1
1201,0,0,1,1,1,0,1
1202,1,1,1,0,0,1,1
1203,1,1,1,0,1,1,0
1204,1,0,1,0,0,0,0
1205,1,1,0,1,1,0,0
1206,1,1,0,0,1,1,0
1207,0,1,0,1,0,1,0
1208,0,1,0,0,0,1,0
1209,1,1,0,0,0,0,1
1210,0,1,1,0,0,0,1
1211,0,0,1,1,0,1,0
1212,1,1,0,1,0,1,0
1213,1,1,0,1,0,0,0
1214,1,0,0,1,0,0,0
1215,1,0,1,1,0,0,1
1216,0,1,1,1,0,0,0
1217,1,1,0,1,0,1,1
1218,0,0,1,1,1,1,1
1219,0,1,0,1,1,0,0
1220,1,1,0,1,0,0,0
1221,1,1,0,1,0,1,1
1222,1,0,0,1,0,1,0
1223,1,1,1,1,1,1,1
1224,0,1,1,1,0,1,1
1225,0,1,0,0,0,0,1
1226,0,0,0,1,0,0,1
1227,0,0,0,1,0,0,1
1228,1,1,0,0,0,0,1
1229,1,1,1,1,0,0,0
1230,1,0,1,1,1,0,0
1231,1,1,0,0,0,0,1
1232,0,1,0,0,0,1,0
1233,0,0,0,1,0,0,0
1234,1,1,1,0,1,0,0
1235,0,1,1,0,0,1,1
1236,0,1,0,0,0,1,0
1237,1,0,1,0,0,1,1
1238,1,1,1,1,0,1,1
1239,1,0,0,1,1,0,0
1240,0,0,1,1,0,0,0
1241,1,1,1,0,0,0,0
1242,1,0,1,0,0,0,0
1243,1,0,0,1,0,1,1
1244,0,1,0,1,0,0,1
1245,0,0,1,0,1,1,0
1246,0,1,1,1,0,0,1
1247,0,1,1,0,1,0,1
1248,1,1,1,0,0,0,1
1249,1,1,1,1,0,1,1
1250,0,0,0,0,0,1,1
1251,0,1,1,0,1,1,0
1252,1,1,1,1,0,1,0
1253,1,0,1,0,1,1,0
1254,1,0,1,1,0,0,1
1255,0,0,1,0,1,1,0
1256,0,0,0,1,0,1,1
1257,1,1,1,0,0,0,0
1258,0,1,1,0,1,1,0
1259,0,0,1,0,0,1,0
1260,1,0,1,0,1,1,1
1261,1,0,0,1,1,0,1
1262,0,0,0,1,1,1,0
1263,1,1,0,1,0,0,0
1264,0,1,1,1,1,1,1
1265,1,0,0,1,1,1,0
1266,0,0,1,0,0,0,0
1267,0,1,0,0,0,1,1
1268,1,0,1,0,0,0,0
1269,1,0,1,1,1,1,0
1270,1,1,0,1,1,0,0
1271,1,1,1,1,0,0,1
1272,1,1,1,0,1,1,0
1273,1,0,1,0,1,0,0
1274,1,0,0,0,0,1,0
1275,0,1,0,0,1,0,0
1276,0,0,0,0,0,0,0
1277,1,1,1,0,0,0,1
1278,0,1,1,0,0,0,1
1279,0,1,0,0,0,1,1
1280,0,1,0,0,0,1,1
1281,1,0,1,0,0,1,0
1282,0,0,1,0,0,1,0
1283,1,0,0,1,0,1,1
1284,1,0,0,0,0,1,1
1285,0,0,1,1,0,1,1
1286,1,1,1,0,0,1,1
1287,0,1,1,1,1,1,1
1288,1,0,1,0,0,1,0
1289,0,1,0,1,1,1,0
1290,1,0,1,0,0,0,1
1291,0,0,1,1,0,1,1
1292,1,1,0,0,1,1,0
1293,0,1,1,1,0,0,1
1294,0,0,0,1,1,1,1
1295,0,1,1,1,0,1,1
1296,1,1,0,0,0,1,1
1297,1,0,1,1,0,1,0
1298,0,1,1,0,0,1,0
1299,1,0,1,0,0,0,1
1300,1,1,1,1,1,0,0
1301,1,0,1,1,1,1,1
1302,0,0,1,1,0,0,0
1303,1,0,0,0,0,1,1
1304,1,0,1,1,1,0,0
1305,1,1,1,1,1,1,1
1306,1,1,1,1,1,1,1
1307,1,0,0,0,1,0,1
1308,1,1,0,0,0,1,1
1309,0,0,0,0,1,1,0
1310,1,1,1,0,0,0,0
1311,1,0,0,1,0,1,0
1312,0,0,1,1,0,0,1
1313,0,1,0,1,1,1,0
1314,1,1,0,0,0,1,0
1315,0,0,0,1,0,1,0
1316,0,1,1,1,1,0,1
1317,1,0,1,0,0,0,0
1318,0,0,1,1,1,1,0
1319,0,1,0,0,1,0,0
1320,1,0,0,0,1,0,0
1321,1,1,1,1,0,1,1
1322,1,0,1,0,1,0,0
1323,1,1,1,1,0,0,1
1324,1,0,1,0,0,0,1
1325,0,0,0,1,0,1,0
1326,1,0,0,0,1,1,0
1327,0,1,1,1,1,0,0
1328,1,0,1,0,0,0,1
1329,0,1,1,1,1,1,0
1330,1,1,0,1,0,1,1
1331,1,0,0,1,0,0,1
1332,1,0,0,0,1,0,1
1333,1,1,1,0,1,0,0
1334,0,0,0,0,1,0,0
1335,1,1,1,0,1,0,1
1336,0,1,1,0,1,0,1
1337,0,1,1,0,0,1,0
1338,1,1,1,0,1,1,1
1339,0,1,0,1,0,0,1
1340,1,1,1,0,0,0,0
1341,0,1,1,0,1,1,1
1342,0,0,0,0,0,0,0
1343,1,1,0,0,0,1,1
1344,1,0,1,1,0,0,0
1345,0,0,0,0,1,1,0
1346,0,0,1,0,1,0,0
1347,1,1,0,1,0,0,0
1348,1,1,1,1,1,0,0
1349,0,0,0,1,0,0,0
1350,0,0,0,1,1,1,1
1351,1,1,1,1,1,0,1
1352,0,0,1,0,0,1,1
1353,1,0,1,1,0,0,0
1354,0,0,0,1,0,1,0
1355,1,0,0,0,1,1,0
1356,0,0,1,0,1,0,0
1357,1,0,0,1,0,1,0
1358,1,0,0,1,1,1,1
1359,0,1,0,1,1,0,0
1360,1,0,1,1,1,1,1
1361,1,0,1,0,0,0,0
1362,0,0,1,0,1,1,1
1363,1,0,0,1,1,1,0
1364,0,1,1,1,0,1,1
1365,1,0,1,1,0,0,1
1366,1,1,0,1,1,1,0
1367,0,0,1,1,1,0,1
1368,1,0,0,1,1,0,0
1369,0,1,0,1,1,1,1
1370,0,0,1,0,0,1,0
1371,0,0,1,1,0,1,1
1372,0,0,0,1,1,0,0
1373,1,1,1,0,0,1,0
1374,1,1,1,1,1,1,1
1375,1,1,1,1,0,1,0
1376,1,0,0,1,0,0,0
1377,0,1,0,1,0,0,1
1378,0,0,1,0,0,0,0
1379,0,0,1,0,0,1,0
1380,0,1,0,1,0,0,1
1381,1,0,0,1,1,1,1
1382,0,0,1,1,1,1,1
1383,1,1,0,0,0,1,0
1384,1,1,0,0,1,0,0
1385,1,1,0,1,0,1,1
1386,1,1,1,0,1,1,1
1387,1,1,0,1,1,0,0
1388,1,1,1,1,1,0,1
1389,1,0,0,1,0,0,0
1390,1,1,0,1,0,1,0
1391,1,0,0,1,1,0,0
1392,0,1,0,0,1,1,0
1393,1,0,0,1,0,0,0
1394,0,0,1,1,0,1,0
1395,0,0,0,0,0,1,1
1396,1,0,0,1,1,1,0
1397,0,1,1,0,0,1,0
1398,1,1,1,0,0,0,0
1399,0,0,0,0,1,0,0
1400,0,0,0,0,0,0,1
1401,0,0,1,0,1,0,0
1402,0,1,1,1,0,1,1
1403,1,0,0,0,0,1,1
1404,0,0,0,1,1,0,1
1405,1,0,0,1,0,0,0
1406,1,1,1,0,1,0,1
1407,0,1,1,0,0,1,0
1408,1,1,1,0,1,0,0
1409,1,0,0,1,0,0,1
1410,0,0,0,1,1,1,0
1411,0,1,1,1,1,1,0
1412,0,1,0,1,0,1,0
1413,1,1,1,1,0,1,0
1414,0,1,0,1,1,0,1
1415,1,1,1,1,0,1,1
1416,0,0,1,1,1,0,1
1417,0,1,0,0,0,0,0
1418,0,1,1,1,0,0,1
1419,1,1,0,1,1,1,0
1420,0,0,0,1,1,1,0
1421,1,0,0,1,1,1,1
1422,0,0,1,1,1,0,0
1423,0,1,1,0,0,0,0
1424,1,0,1,0,1,0,1
1425,1,0,0,1,0,0,1
1426,1,0,1,1,0,1,0
1427,0,1,1,1,0,0,1
1428,0,1,0,0,1,0,0
1429,1,0,1,1,0,1,0
1430,0,1,1,0,0,0,0
1431,0,1,0,1,0,1,0
1432,1,1,1,0,0,1,0
1433,0,0,1,1,0,1,0
1434,0,1,1,1,1,1,1
1435,0,1,1,0,0,0,1
1436,1,0,0,0,0,0,0
1437,1,0,0,0,1,1,0
1438,1,0,0,0,1,1,0
1439,0,0,1,0,0,0,0
1440,0,1,1,1,1,0,1
1441,0,0,1,1,1,1,0
1442,0,0,1,0,1,1,1
1443,0,0,0,0,0,0,0
1444,0,1,1,1,0,1,0
1445,1,1,1,0,1,1,1
1446,1,1,0,1,1,0,0
1447,1,1,0,1,1,1,1
1448,0,0,1,1,1,0,1
1449,0,1,0,1,0,0,0
1450,1,1,1,0,1,1,1
1451,1,1,1,0,1,0,1
1452,1,1,0,0,0,1,1
1453,1,1,1,1,0,0,1
1454,1,1,0,0,0,1,1
1455,0,0,0,1,1,0,0
1456,0,1,1,0,1,1,1
1457,0,1,1,1,1,0,1
1458,0,1,1,0,0,1,1
1459,1,1,1,1,0,1,0
1460,0,1,0,1,1,1,1
1461,0,0,1,1,1,0,0
1462,1,0,1,0,1,0,0
1463,1,1,0,0,0,1,0
1464,1,0,1,1,0,0,1
1465,0,1,1,0,1,1,0
1466,0,0,1,0,1,1,0
1467,1,0,0,0,0,1,0
1468,1,0,1,0,0,1,0
1469,0,0,0,1,1,0,1
1470,1,0,0,0,1,0,1
1471,0,1,0,1,1,0,0
1472,0,1,0,1,1,0,0
1473,1,1,1,1,1,1,0
1474,0,1,1,1,1,1,0
1475,1,0,1,0,1,1,1
1476,1,1,1,0,1,0,0
1477,0,0,0,0,1,0,0
1478,1,1,0,1,0,1,0
1479,0,0,1,1,0,1,0
1480,0,0,0,1,1,0,1
1481,0,1,0,1,0,1,0
1482,1,1,1,0,0,1,1
1483,0,1,1,0,1,1,0
1484,0,1,0,0,1,0,0
1485,1,1,0,0,1,0,1
1486,1,1,0,0,1,1,1
1487,1,1,0,0,0,0,1
1488,0,1,0,1,0,1,1
1489,1,0,0,0,0,1,1
1490,0,0,0,0,1,0,0
1491,1,1,1,0,0,1,0
1492,0,1,0,1,1,1,1
1493,1,1,0,1,0,1,1
1494,0,1,0,1,0,1,0
1495,1,0,0,0,1,0,1
1496,0,0,0,0,0,1,0
1497,1,1,0,0,1,0,0
1498,0,1,0,1,1,0,1
1499,0,1,0,0,0,0,0
1500,0,0,0,0,1,1,1
1501,1,1,1,0,0,0,1
1502,1,1,1,1,1,0,0
1503,0,0,1,0,0,1,1
1504,1,0,1,1,1,1,0
1505,0,1,1,0,1,1,0
1506,1,0,0,1,0,0,0
1507,0,0,1,1,1,1,1
1508,0,0,1,1,1,1,0
1509,0,0,0,1,0,1,0
1510,0,1,1,1,0,0,1
1511,0,1,1,1,1,0,1
1512,0,1,0,0,0,1,0
1513,0,0,1,1,0,1,1
1514,0,1,1,0,1,1,1
1515,0,0,1,0,1,0,0
1516,0,1,1,1,1,0,0
1517,0,1,1,1,1,0,1
1518,0,0,1,0,1,1,1
1519,0,0,1,0,0,0,0
1520,0,0,1,0,1,1,0
1521,1,1,1,0,0,0,0
1522,0,0,1,0,0,1,1
1523,0,1,0,0,1,1,1
1524,1,0,1,0,1,1,1
1525,0,0,1,1,0,1,1
1526,0,1,1,1,1,0,0
1527,0,1,0,1,0,0,1
1528,0,0,1,1,1,0,0
1529,0,0,1,1,0,1,0
1530,0,1,0,1,1,1,1
1531,1,1,0,0,1,0,0
1532,0,0,0,1,0,0,0
1533,1,1,0,0,1,0,1
1534,1,0,0,0,0,1,0
1535,1,1,0,0,0,1,1
1536,1,0,0,0,0,1,0
1537,1,1,1,1,0,0,1
1538,0,1,0,1,1,1,0
1539,0,0,1,0,0,1,0
1540,0,1,1,1,0,1,1
1541,0,0,0,1,1,1,1
1542,1,1,1,0,1,0,0
1543,0,0,0,0,1,1,1
1544,0,0,0,1,0,0,1
1545,1,0,1,0,0,1,0
1546,0,0,0,1,0,0,1
1547,1,0,0,0,0,0,1
1548,1,0,0,0,0,0,1
1549,0,0,0,0,0,0,0
1550,1,1,0,0,0,1,0
1551,0,0,1,0,0,0,0
1552,1,0,1,0,0,0,0
1553,1,1,0,1,0,0,0
1554,0,0,0,1,0,0,1
1555,1,1,1,1,0,1,1
1556,0,0,1,0,0,1,1
1557,0,0,1,1,0,0,0
1558,0,0,1,1,0,1,0
1559,1,0,1,0,1,1,0
1560,1,0,1,1,1,0,1
1561,1,0,1,1,0,1,0
1562,1,1,0,0,1,1,1
1563,0,0,1,1,0,0,0
1564,1,0,0,0,1,0,1
1565,0,0,1,1,0,1,1
1566,1,0,0,1,1,0,1
1567,1,0,1,1,0,0,0
1568,1,0,1,0,0,0,1
1569,0,1,0,0,1,0,0
1570,1,1,1,0,1,0,0
1571,1,0,1,0,0,1,0
1572,0,0,0,0,0,0,1
1573,1,0,1,1,1,1,0
1574,1,0,1,1,1,0,1
1575,0,0,0,0,1,0,1
1576,0,0,1,0,1,0,1
1577,0,0,0,0,1,1,0
1578,1,1,0,0,0,0,0
1579,0,1,0,0,1,0,1
1580,1,0,1,1,1,1,1
1581,0,0,1,0,1,0,0
1582,0,0,0,0,0,0,0
1583,1,1,1,0,0,0,0
1584,1,0,0,0,1,0,0
1585,0,0,0,1,1,0,1
1586,1,0,1,1,1,0,1
1587,1,0,1,1,0,1,0
1588,0,1,0,0,1,1,1
1589,1,0,1,0,0,0,1
1590,1,0,0,1,1,0,1
1591,0,1,0,0,0,1,1
1592,0,1,0,0,0,0,1
1593,1,0,0,0,1,1,1
1594,0,1,0,0,1,1,1
1595,0,1,1,0,0,1,1
1596,1,1,0,0,0,0,1
1597,1,0,1,0,1,0,1
1598,1,1,0,0,1,1,1
1599,0,0,1,1,1,0,0
1600,1,0,0,1,0,0,0
1601,1,1,1,1,0,0,0
1602,1,1,0,0,0,1,0
1603,0,0,0,0,0,1,1
1604,1,0,0,0,0,1,1
1605,1,1,1,1,0,0,0
1606,0,0,1,0,0,1,0
1607,0,0,1,1,0,1,1
1608,0,0,1,1,1,1,0
1609,1,1,0,1,0,0,0
1610,1,0,1,1,0,1,1
1611,1,0,1,0,1,1,0
1612,1,0,0,1,1,1,1
1613,1,1,1,0,1,0,0
1614,0,1,1,1,1,0,0
1615,0,1,0,0,1,1,0
1616,0,0,1,1,1,1,0
1617,1,1,1,0,1,0,0
1618,0,0,1,0,0,1,0
1619,1,1,0,1,0,0,1
1620,1,0,0,1,0,1,0
1621,1,1,0,0,1,1,0
1622,1,0,1,1,0,1,1
1623,1,0,0,1,0,0,0
1624,0,0,0,1,1,1,1
1625,0,0,0,0,1,1,0
1626,0,0,0,0,0,1,0
1627,1,0,0,0,0,1,0
1628,1,0,0,0,1,1,1
1629,1,0,1,0,0,1,1
1630,0,0,0,0,0,1,0
1631,1,1,1,1,0,1,0
1632,1,0,1,1,1,0,1
1633,0,0,0,0,0,0,0
1634,0,1,1,0,1,0,1
1635,1,1,0,0,1,0,0
1636,0,1,0,0,1,1,1
1637,0,1,1,0,0,1,0
1638,1,0,1,0,1,0,1
1639,0,1,0,0,1,0,1
1640,0,1,1,0,1,1,0
1641,0,1,1,0,1,0,0
1642,0,0,1,0,0,1,0
1643,0,0,1,0,1,1,1
1644,0,0,0,0,1,0,1
1645,0,1,1,0,1,0,1
1646,1,1,0,0,1,1,1
1647,1,0,0,0,1,1,1
1648,0,1,1,1,1,0,0
1649,0,1,1,1,1,0,0
1650,1,1,0,1,0,1,1
1651,1,0,0,0,0,0,0
1652,0,1,1,1,1,1,1
1653,1,0,0,0,1,0,0
1654,0,1,1,0,0,1,1
1655,0,0,1,1,1,0,0
1656,1,1,0,0,1,0,1
1657,1,1,1,0,0,1,0
1658,1,0,1,1,1,0,0
1659,1,0,1,1,0,1,1
1660,0,1,0,1,1,0,0
1661,1,1,1,0,0,0,1
1662,0,1,1,1,1,0,1
1663,1,1,0,0,0,0,1
1664,0,1,0,1,1,1,1
1665,1,0,0,1,0,1,0
1666,1,0,0,1,0,1,1
1667,1,0,1,0,1,0,0
1668,0,0,1,1,1,0,1
1669,0,1,1,0,0,1,0
1670,1,0,1,1,1,1,1
1671,0,1,0,1,1,0,0
1672,1,1,1,1,0,1,1
1673,1,0,1,1,0,1,1
1674,0,0,1,1,0,0,0
1675,0,1,1,1,1,0,0
1676,1,0,1,1,0,1,1
1677,0,0,0,0,0,1,1
1678,0,1,0,0,0,0,0
1679,1,1,1,0,0,1,1
1680,0,1,1,0,0,0,0
1681,0,1,0,1,0,0,1
1682,1,1,0,1,0,1,0
1683,1,1,1,1,0,1,1
1684,1,1,0,1,1,1,1
1685,1,1,1,0,1,0,0
1686,1,1,1,1,0,1,0
1687,0,0,1,1,1,1,1
1688,1,0,1,1,1,0,1
1689,0,0,1,0,0,1,1
1690,1,0,1,0,1,1,0
1691,1,0,1,0,1,0,0
1692,1,1,0,0,1,1,1
1693,1,1,1,0,0,1,1
1694,1,0,0,1,1,0,0
1695,0,0,0,0,0,0,1
1696,0,1,1,0,1,0,1
1697,1,0,0,1,1,0,1
1698,1,1,0,0,1,1,0
1699,1,1,0,0,1,0,1
1700,0,1,0,0,0,0,1
1701,0,0,0,1,1,0,1
1702,1,0,0,0,0,1,0
1703,0,0,1,0,0,1,0
1704,1,0,1,0,0,1,1
1705,1,0,0,0,0,0,0
1706,1,0,1,1,0,0,1
1707,1,0,0,0,0,0,1
1708,1,1,1,1,1,0,1
1709,1,0,0,1,0,0,0
1710,0,1,1,1,1,0,0
1711,1,1,1,0,1,0,0
1712,0,0,0,0,1,1,0
1713,0,1,1,1,1,1,0
1714,1,1,1,0,1,1,0
1715,0,0,1,1,0,0,1
1716,0,1,0,0,0,1,1
1717,1,0,0,0,1,0,1
1718,0,0,0,0,1,1,1
1719,0,0,0,1,1,1,1
1720,0,0,1,0,0,1,1
1721,1,1,1,1,0,1,0
1722,0,0,1,1,1,1,1
1723,0,0,1,0,1,0,0
1724,1,0,1,1,1,1,1
1725,0,1,1,0,0,1,0
1726,1,1,0,1,0,1,1
1727,1,1,0,1,1,1,1
1728,0,1,0,1,1,1,0
1729,0,1,0,1,0,0,0
1730,1,1,1,0,1,0,1
1731,1,0,0,0,0,0,0
1732,1,1,1,0,0,1,0
1733,0,0,0,1,0,1,1
1734,0,0,1,0,1,0,1
1735,0,1,1,0,0,1,1
1736,1,0,1,0,0,0,1
1737,0,0,1,1,1,0,1
1738,0,0,0,0,1,1,1
1739,0,1,1,1,0,1,0
1740,0,0,1,0,1,0,1
1741,1,0,0,0,1,1,1
1742,1,0,0,0,1,1,1
1743,1,0,0,1,0,1,0
1744,1,0,0,0,1,1,1
1745,1,0,0,0,1,1,0
1746,1,1,0,0,1,0,1
1747,1,0,0,1,1,0,1
1748,0,0,1,1,0,0,1
1749,1,1,0,0,1,0,0
1750,0,1,1,0,0,0,0
1751,0,1,0,0,0,1,0
1752,0,1,0,0,0,0,0
1753,1,1,0,1,0,1,1
1754,1,0,0,0,1,1,0
1755,1,0,0,0,1,1,1
1756,1,0,1,0,0,0,0
1757,1,1,0,1,1,1,0
1758,1,1,0,0,0,1,0
1759,1,1,1,1,1,1,0
1760,1,1,0,0,0,1,0
1761,0,1,0,1,1,0,1
1762,1,0,1,1,0,0,1
1763,0,1,0,1,0,1,1
1764,0,1,0,1,1,1,0
1765,0,1,1,0,0,0,1
1766,0,1,0,0,0,1,0
1767,1,0,1,1,1,1,1
1768,0,0,0,0,0,0,0
1769,0,0,1,1,0,0,0
1770,1,0,1,0,1,1,1
1771,1,1,0,0,1,1,0
1772,0,1,0,1,1,0,0
1773,1,1,1,0,0,0,1
1774,0,1,0,0,0,0,0
1775,1,0,1,0,1,1,0
1776,0,1,0,0,1,0,0
1777,1,1,1,0,0,0,1
1778,1,1,0,1,1,1,1
1779,0,1,1,0,0,1,0
1780,0,1,1,0,1,1,0
1781,1,1,1,0,1,0,0
1782,0,1,1,0,1,1,1
1783,0,1,0,1,0,1,1
1784,0,0,0,0,0,1,1
1785,1,1,0,1,1,1,1
1786,1,0,1,0,1,0,0
1787,0,1,1,1,1,0,0
1788,1,1,1,1,1,1,1
1789,0,0,1,0,0,0,0
1790,0,1,1,1,0,0,1
1791,1,1,1,0,0,1,0
1792,0,0,0,1,0,1,0
1793,1,0,0,1,0,1,0
1794,0,1,1,0,0,1,1
1795,0,1,1,0,0,0,1
1796,1,1,0,0,0,0,1
1797,0,0,1,0,1,1,1
1798,0,0,1,0,0,1,1
1799,1,1,1,1,1,0,1
1800,1,1,1,1,0,0,1
1801,0,0,0,1,1,0,0
1802,1,0,0,0,1,0,0
1803,1,0,1,0,1,0,0
1804,0,1,1,1,0,1,1
1805,0,1,0,0,0,0,0
1806,1,1,1,1,0,1,1
1807,0,1,1,0,1,0,1
1808,0,0,0,0,0,1,0
1809,1,1,0,0,0,0,1
1810,0,0,1,1,0,0,1
1811,1,1,0,1,0,1,1
1812,0,1,0,0,0,1,0
1813,1,1,1,0,1,1,0
1814,1,0,1,1,0,1,1
1815,1,0,0,0,0,1,1
1816,1,1,1,0,0,0,1
1817,1,0,1,0,1,0,1
1818,1,1,0,1,1,0,0
1819,1,1,0,1,0,1,1
1820,0,0,0,1,0,1,1
1821,0,1,0,0,0,0,0
1822,0,1,1,1,1,0,1
1823,0,0,1,0,1,0,0
1824,1,0,1,0,0,1,0
1825,0,0,1,0,0,1,0
1826,1,1,1,0,1,1,0
1827,0,1,1,1,1,0,1
1828,0,0,0,1,0,0,1
1829,0,0,0,1,0,0,0
1830,0,1,1,1,0,0,1
1831,1,1,0,0,1,0,1
1832,0,1,0,0,1,1,1
1833,0,1,1,0,1,0,0
1834,1,0,0,0,0,1,1
1835,1,1,1,0,1,0,0
1836,0,1,0,0,0,1,1
1837,1,0,1,0,0,0,1
1838,0,1,1,0,1,0,1
1839,0,1,1,1,1,1,0
1840,0,1,0,0,0,0,1
1841,1,0,1,0,1,1,1
1842,1,0,1,1,0,0,1
1843,1,0,1,0,1,0,1
1844,1,1,1,0,0,0,0
1845,0,1,1,1,1,0,1
1846,0,1,0,0,0,1,0
1847,0,0,1,1,1,1,0
1848,0,1,1,1,1,0,0
1849,0,0,1,0,1,1,1
1850,1,0,0,0,1,1,1
1851,1,0,0,1,1,1,1
1852,0,0,0,1,1,0,0
1853,0,1,0,0,0,0,0
1854,0,0,1,1,1,0,1
1855,1,0,0,0,1,1,1
1856,1,0,0,1,1,0,0
1857,1,0,0,0,0,0,0
1858,0,1,0,1,1,1,0
1859,0,0,1,1,1,1,1
1860,0,1,0,1,1,0,0
1861,0,0,0,1,1,0,0
1862,1,0,0,0,1,1,0
1863,0,1,0,0,1,0,0
1864,0,0,0,1,0,1,1
1865,1,0,0,1,1,0,1
1866,1,1,1,0,1,1,1
1867,0,1,1,1,0,0,0
1868,1,0,0,0,1,0,1
1869,1,1,0,1,1,0,1
1870,0,0,0,1,1,0,0
1871,1,0,0,0,1,0,1
1872,1,1,1,0,0,1,1
1873,1,1,0,0,1,0,1
1874,0,1,0,1,1,1,0
1875,1,1,1,1,0,1,1
1876,0,1,1,0,1,0,0
1877,0,0,0,1,1,0,0
1878,0,1,1,0,0,1,1
1879,1,1,0,1,0,0,1
1880,0,0,0,1,0,1,1
1881,0,0,0,0,0,0,1
1882,0,0,1,0,0,1,0
1883,0,1,0,0,0,1,0
1884,1,0,0,1,0,0,0
1885,1,0,0,0,0,0,1
1886,0,1,0,0,1,0,0
1887,1,1,1,0,1,0,1
1888,1,0,0,1,1,0,0
1889,1,1,0,1,1,0,0
1890,0,1,1,1,0,1,1
1891,0,1,0,0,1,1,0
1892,1,0,1,0,1,0,0
1893,1,0,0,1,1,1,1
1894,0,0,1,1,0,1,1
1895,1,0,1,0,1,0,0
1896,1,1,1,1,1,0,1
1897,0,0,1,0,0,1,1
1898,1,0,1,1,1,1,1
1899,0,0,1,0,1,0,0
1900,0,0,0,0,0,1,1
1901,1,0,1,1,0,0,1
1902,1,0,0,0,0,0,1
1903,0,0,1,1,0,1,1
1904,0,0,1,1,0,0,0
1905,1,0,0,1,1,1,0
1906,0,1,1,1,0,0,0
1907,1,1,0,1,0,1,0
1908,0,1,0,1,1,1,0
1909,1,1,0,1,0,1,1
1910,0,1,1,0,0,1,1
1911,0,1,1,1,1,1,1
1912,0,0,0,0,0,1,0
1913,0,1,1,0,1,0,0
1914,0,0,1,1,1,0,0
1915,0,1,1,1,1,1,0
1916,1,0,0,1,1,0,1
1917,0,0,1,0,1,0,0
1918,0,0,0,1,0,1,1
1919,1,0,1,1,1,0,1
1920,0,0,0,1,0,1,0
1921,0,0,0,0,0,1,0
1922,1,1,0,1,1,1,1
1923,1,1,0,1,1,1,1
1924,1,0,1,1,1,1,0
1925,1,1,1,1,0,1,1
1926,0,0,1,0,0,0,0
1927,0,1,1,1,1,1,0
1928,0,0,1,1,0,0,0
1929,1,0,1,1,1,0,0
1930,1,1,1,1,1,1,0
1931,1,0,1,1,1,1,0
1932,0,1,1,0,0,1,0
1933,0,0,1,0,0,1,1
1934,0,0,1,0,1,1,1
1935,0,0,1,1,1,0,1
1936,0,0,0,0,0,0,1
1937,0,1,0,1,1,1,1
1938,0,0,1,1,0,0,1
1939,1,1,1,1,0,1,1
1940,0,0,1,1,1,0,0
1941,1,0,0,1,0,0,1
1942,0,0,0,0,1,1,1
1943,0,0,0,1,1,0,1
1944,1,0,0,0,0,1,1
1945,1,0,0,0,0,1,1
1946,1,0,0,1,1,1,0
1947,1,0,0,0,0,0,1
1948,0,0,0,1,1,0,0
1949,0,0,1,1,1,0,0
1950,1,1,0,0,1,1,1
1951,0,0,1,0,0,0,0
1952,0,1,1,1,1,1,1
1953,1,1,0,1,0,1,0
1954,0,0,0,1,1,0,1
1955,1,1,0,1,1,0,0
1956,0,1,0,0,1,1,1
1957,1,0,0,1,1,0,1
1958,1,1,1,1,1,1,0
1959,0,1,0,0,0,0,0
1960,1,0,1,0,0,0,0
1961,0,1,0,0,0,1,1
1962,0,0,1,0,1,0,0
1963,1,0,0,1,1,0,1
1964,0,1,1,0,1,0,0
1965,1,0,1,1,1,0,1
1966,1,1,1,1,1,1,0
1967,1,1,1,1,0,0,0
1968,0,1,1,0,0,1,1
1969,1,1,1,0,0,1,1
1970,1,0,0,1,1,1,0
1971,1,0,0,1,1,0,1
1972,1,0,0,1,1,0,1
1973,1,0,1,0,0,1,0
1974,0,1,0,0,0,1,0
1975,1,0,0,0,1,1,0
1976,1,0,1,0,0,0,1
1977,1,1,0,0,0,1,1
1978,0,1,1,0,0,0,1
1979,0,0,1,1,0,0,0
1980,0,1,0,0,0,1,0
1981,0,0,0,0,1,1,0
1982,1,0,0,0,0,1,0
1983,0,1,0,1,0,0,0
1984,0,1,0,0,1,0,0
1985,1,0,1,0,0,0,0
1986,1,0,0,0,1,1,0
1987,1,0,0,0,1,1,0
1988,1,0,0,0,1,1,0
1989,0,0,0,0,0,1,0
1990,1,0,0,1,1,0,1
1991,1,0,1,1,1,0,0
1992,0,1,1,1,0,1,1
1993,0,0,1,0,1,0,0
1994,1,1,0,0,0,0,1
1995,0,0,1,1,1,0,0
1996,1,1,0,0,1,0,1
1997,1,1,1,0,0,0,0
1998,1,1,1,0,0,1,0
1999,1,0,0,0,0,1,0
2000,1,1,1,1,0,1,1
2001,1,1,0,0,1,1,0
2002,1,1,0,1,0,1,0
2003,1,0,1,0,0,1,0
2004,1,1,0,0,0,1,0
2005,1,1,0,1,1,1,0
2006,1,1,1,1,1,0,1
2007,0,0,1,0,0,0,0
2008,1,0,0,1,1,1,0
2009,1,1,1,0,0,1,0
2010,0,0,1,0,0,1,1
2011,0,0,1,1,1,1,1
2012,1,0,0,0,1,1,1
2013,0,0,0,1,0,1,1
2014,1,1,0,1,0,1,1
2015,0,0,1,1,0,1,1
2016,0,1,0,1,0,0,0
2017,0,0,0,0,0,1,1
2018,0,0,0,0,0,1,1
2019,0,0,1,0,1,0,0
2020,1,0,0,0,0,1,1
2021,1,0,0,0,0,1,1
2022,0,0,0,1,0,1,1
2023,0,0,1,0,0,1,1
2024,0,0,0,0,1,0,0
2025,1,0,1,1,1,0,0
2026,0,1,0,0,1,1,0
2027,0,1,0,1,0,1,1
2028,0,0,1,1,1,0,0
2029,0,1,0,1,0,0,1
2030,0,1,0,1,0,0,1
2031,1,0,1,0,0,0,0
2032,1,1,1,1,1,1,1
2033,1,1,0,1,0,1,1
2034,1,0,0,1,0,1,1
2035,1,1,0,0,0,0,0
2036,1,0,1,0,1,0,0
2037,0,1,1,0,0,1,0
2038,0,0,0,1,0,0,0
2039,0,0,1,1,1,0,1
2040,0,1,1,1,0,0,1
2041,0,0,0,1,1,1,1
2042,0,1,1,0,0,1,1
2043,0,1,0,0,0,0,0
2044,0,0,1,1,1,1,0
2045,0,0,0,0,1,0,0
2046,1,1,0,0,1,0,0
2047,0,0,1,1,0,1,0
2048,1,1,1,0,0,1,1
2049,0,1,1,0,1,0,1
2050,0,0,1,0,1,0,1
2051,1,0,0,0,0,1,0
2052,1,0,0,0,0,1,0
2053,1,1,1,0,1,1,1
2054,0,0,0,0,0,1,0
2055,1,0,0,1,0,1,1
2056,0,0,1,0,0,0,0
2057,1,0,1,0,0,1,1
2058,1,1,1,0,0,0,0
2059,1,1,1,0,1,1,1
2060,1,1,0,0,1,1,1
2061,0,1,0,0,1,1,0
2062,0,1,0,1,0,0,0
2063,1,0,0,1,1,1,0
2064,0,1,0,1,0,1,0
2065,1,0,1,1,1,1,0
2066,1,0,1,1,1,1,0
2067,1,1,0,0,0,1,1
2068,0,0,1,0,1,0,0
2069,0,0,1,0,0,0,0
2070,1,0,0,1,1,1,1
2071,1,0,1,1,0,0,1
2072,1,1,1,1,0,0,1
2073,0,0,1,0,1,0,0
2074,1,1,1,0,0,0,0
2075,0,0,1,1,1,1,0
2076,1,1,0,0,1,1,1
2077,1,0,1,0,1,1,0
2078,0,1,1,0,0,0,1
2079,0,0,0,0,0,1,0
2080,0,1,0,0,1,0,1
2081,1,0,0,0,0,0,0
2082,1,1,0,0,1,1,0
2083,1,1,0,0,1,0,0
2084,1,0,0,0,1,1,0
2085,1,1,1,1,0,0,1
2086,1,1,1,1,1,0,0
2087,1,1,0,1,1,1,1
2088,0,0,0,1,0,0,1
2089,0,0,0,0,0,0,1
2090,1,0,1,1,1,0,0
2091,0,0,0,1,1,1,1
2092,0,1,0,0,0,0,1
2093,1,0,0,0,0,1,1
2094,0,1,1,1,0,1,0
2095,0,0,1,1,0,0,1
2096,1,1,0,0,0,1,1
2097,0,1,0,0,0,0,1
2098,0,1,1,1,1,0,0
2099,1,1,0,1,0,0,1
2100,1,0,0,0,0,0,1
2101,1,0,1,1,0,0,0
2102,0,1,0,1,0,1,0
2103,1,0,1,0,1,1,1
2104,1,1,1,1,0,0,0
2105,1,0,0,1,1,1,0
2106,1,0,1,0,0,0,0
2107,1,1,1,0,0,0,1
2108,0,1,0,1,1,1,0
2109,1,1,1,0,1,1,1
2110,1,0,0,0,0,0,0
2111,0,1,1,0,0,0,0
2112,0,1,1,1,0,0,0
2113,1,1,0,1,1,1,0
2114,1,1,1,1,0,1,1
2115,1,1,0,0,0,1,0
2116,1,1,1,1,1,0,0
2117,0,0,1,1,1,0,0
2118,1,1,0,1,1,1,1
2119,1,1,1,0,1,0,0
2120,1,0,0,0,1,0,0
2121,0,0,1,0,1,0,1
2122,1,0,0,1,1,1,0
2123,1,0,0,0,0,0,1
2124,1,1,1,1,1,0,0
2125,0,0,1,0,0,1,0
2126,1,0,1,1,0,0,0
2127,1,0,1,0,1,1,1
2128,0,0,1,1,0,0,0
2129,1,0,1,1,1,0,0
2130,0,0,1,0,0,1,0
2131,0,0,0,0,1,1,1
2132,0,0,1,1,0,1,1
2133,1,0,1,1,0,0,1
2134,1,1,1,1,1,0,0
2135,0,0,1,1,1,1,1
2136,0,0,1,1,0,0,1
2137,0,1,0,0,1,0,1
2138,1,0,1,0,0,1,0
2139,0,1,0,0,0,0,0
2140,1,1,0,1,0,0,0
2141,0,1,0,0,0,0,0
2142,1,1,1,1,0,0,1
2143,1,1,1,1,1,0,1
2144,0,1,1,1,0,1,1
2145,1,1,0,1,1,0,0
2146,0,0,0,1,1,0,0
2147,1,0,1,0,1,1,0
2148,1,1,0,0,0,0,0
2149,1,1,1,0,0,0,1
2150,0,0,0,1,1,1,1
2151,1,1,0,0,1,1,1
2152,0,0,0,1,0,1,0
2153,0,0,1,1,0,1,1
2154,1,0,0,0,1,0,1
2155,1,1,1,0,0,0,0
2156,0,0,0,0,1,0,0
2157,1,0,1,0,0,1,0
2158,0,1,1,0,1,1,1
2159,0,0,0,1,1,1,1
2160,0,1,0,0,1,0,1
2161,1,1,1,1,1,0,0
2162,1,0,1,0,0,1,1
2163,0,0,0,1,0,1,1
2164,0,0,0,1,0,0,0
2165,0,1,1,1,0,0,1
2166,0,1,1,0,0,0,0
2167,0,0,1,1,0,0,0
2168,1,1,1,0,1,0,0
2169,1,0,1,1,0,1,0
2170,0,1,0,0,0,0,0
2171,1,1,0,0,1,0,0
2172,1,1,1,1,0,1,0
2173,0,0,0,0,0,1,1
2174,0,0,1,0,1,1,1
2175,1,1,1,0,0,0,0
2176,0,0,0,0,1,1,1
2177,0,1,1,0,1,0,1
2178,0,1,1,1,0,1,0
2179,1,1,0,1,1,0,1
2180,1,1,0,1,0,1,1
2181,1,1,1,0,1,0,0
2182,0,0,1,0,0,0,1
2183,0,1,0,1,0,0,0
2184,1,1,1,1,0,0,0
2185,1,1,1,0,0,0,1
2186,0,0,0,0,0,1,1
2187,0,1,0,0,1,0,1
2188,1,0,0,1,1,0,0
2189,0,0,1,1,1,1,1
2190,1,1,1,1,0,0,0
2191,0,1,0,1,0,0,0
2192,0,1,0,1,0,0,0
2193,0,0,1,0,0,1,0
2194,1,1,0,0,0,1,0
2195,0,0,1,1,1,1,1
2196,0,0,0,1,1,0,1
2197,1,0,0,1,0,1,0
2198,0,0,1,0,1,0,1
2199,1,0,0,1,1,0,1
2200,1,0,0,0,1,1,0
2201,0,1,0,1,0,0,1
2202,1,0,1,0,0,0,0
2203,0,1,0,0,0,0,1
2204,1,1,1,0,0,0,0
2205,1,1,0,0,0,0,0
2206,1,0,0,1,1,0,1
2207,1,0,1,0,1,1,0
2208,0,0,0,1,0,0,1
2209,1,1,1,1,0,1,1
2210,0,0,0,1,0,0,1
2211,1,0,0,1,0,1,0
2212,0,0,1,0,1,1,1
2213,0,1,1,1,0,0,1
2214,1,0,0,0,1,0,0
2215,0,1,1,1,0,0,0
2216,1,1,1,1,0,0,1
2217,0,0,0,0,0,0,0
2218,0,1,0,0,1,0,0
2219,1,1,1,1,1,0,0
2220,1,1,1,0,0,0,1
2221,0,1,1,1,0,0,0
2222,1,1,1,0,0,0,1
2223,0,1,0,0,1,1,0
2224,1,1,1,0,1,0,1
2225,0,0,1,0,1,1,1
2226,0,1,1,0,0,0,1
2227,1,0,0,1,0,1,1
2228,1,1,0,1,0,1,0
2229,1,0,1,0,0,0,1
2230,1,0,1,1,0,0,1
2231,1,1,1,0,0,0,0
2232,0,1,1,0,1,1,0
2233,1,0,1,0,0,1,1
2234,1,1,1,0,0,0,0
2235,0,0,0,1,0,1,1
2236,1,0,1,0,0,1,1
2237,0,0,1,0,1,0,0
2238,0,0,0,1,1,0,0
2239,1,0,0,0,0,1,1
2240,1,1,0,1,0,0,0
2241,1,0,1,1,0,0,1
2242,0,0,1,1,0,1,0
2243,0,0,1,1,1,1,1
2244,1,1,0,1,0,0,0
2245,0,0,1,1,1,1,0
2246,0,0,1,1,1,0,0
2247,1,1,1,0,1,0,1
2248,1,0,1,0,1,0,1
2249,0,0,0,0,1,0,0
2250,1,1,0,1,1,0,1
2251,1,0,0,1,0,1,0
2252,0,1,0,1,0,0,0
2253,0,0,1,1,1,1,1
2254,0,0,0,1,0,1,0
2255,1,1,0,1,1,1,1
2256,0,1,0,1,0,1,1
2257,1,1,1,1,0,0,0
2258,1,1,0,1,0,1,0
2259,0,1,1,1,0,0,0
2260,0,1,1,1,1,1,0
2261,1,0,0,1,1,0,0
2262,1,1,1,1,1,0,0
2263,0,0,1,0,0,0,0
2264,1,1,0,0,1,0,1
2265,1,0,0,1,1,0,1
2266,0,0,1,0,0,0,1
2267,0,1,1,1,1,0,1
2268,0,0,0,1,1,1,1
2269,1,0,0,0,0,0,1
2270,1,0,0,1,1,1,1
2271,0,1,1,0,0,0,1
2272,1,0,1,0,1,1,1
2273,0,1,0,0,0,1,0
2274,0,1,1,0,0,1,1
2275,1,1,0,1,0,0,0
2276,1,1,1,1,1,0,0
2277,1,1,1,1,1,0,0
2278,0,1,1,0,0,1,1
2279,1,0,0,1,0,0,0
2280,0,0,0,0,1,1,1
2281,0,1,0,0,1,0,0
2282,1,1,0,0,0,1,1
2283,1,0,0,1,0,0,0
2284,0,0,0,1,0,1,1
2285,1,1,0,1,1,1,0
2286,1,0,0,1,0,1,1